Satellites,Jupiter M (kg),Error in M (%)
Io,1.83472E+27,3.334263603
Europa,1.86347E+27,1.819273043
Ganymede,1.86494E+27,1.741605037
Callisto,1.84217E+27,2.941679148
